{"doc_id": "006a0b9c-c21f-4d94-b0db-a40918b24e42", "doc_name": "LobeCoffee", "doc_version": "61e28d9a905afffb650d0d80607aba0d", "format": "tf_js", "version": 51, "inputs": {"Image": {"dtype": "float32", "shape": [null, 224, 224, 3], "name": "Image:0"}}, "outputs": {"Confidences": {"dtype": "float32", "shape": [null, 3], "name": "006a0b9c-c21f-4d94-b0db-a40918b24e42.791dce7d-c69e-4167-a92d-3f3da2a4051c/dense_2/Softmax:0"}}, "tags": null, "classes": {"Label": ["Cocoa Truffle", "Ispirazione Napoli", "Ispirazione Palermo"]}, "filename": "model.json", "export_model_version": 1}