{"doc_id": "006a0b9c-c21f-4d94-b0db-a40918b24e42", "doc_name": "LobeCoffee", "doc_version": "61e28d9a905afffb650d0d80607aba0d", "format": "coreml", "version": 51, "inputs": {"Image": {"name": "Image", "type": {"imageType": {"width": "224", "height": "224", "colorSpace": "RGB"}}}}, "outputs": {"Confidences": {"dtype": "float32", "shape": [null, 3], "name": "006a0b9c-c21f-4d94-b0db-a40918b24e42.791dce7d-c69e-4167-a92d-3f3da2a4051c/dense_2/Softmax"}, "Confidence": {"name": "006a0b9c-c21f-4d94-b0db-a40918b24e42.791dce7d-c69e-4167-a92d-3f3da2a4051c/dense_2/Softmax", "type": {"dictionaryType": {"stringKeyType": {}}}}, "Prediction": {"name": "classLabel", "type": {"stringType": {}}}}, "tags": null, "classes": {"Label": ["Cocoa Truffle", "Ispirazione Napoli", "Ispirazione Palermo"]}, "filename": "SavedModel.mlmodel", "export_model_version": 1}